{"vegas": {"1": {"1": {"delay": 9.42, "loss": 4.1544387685554796e-05, "tput": 9.633386205907938}, "all": {"delay": 9.42, "loss": 4.1544387685554796e-05, "tput": 9.633386205907938}}}, "bbr": {"1": {"1": {"delay": 40.935, "loss": 0.0030838555636022447, "tput": 47.62184703987054}, "all": {"delay": 40.935, "loss": 0.0030838555636022447, "tput": 47.62184703987054}}}, "cubic": {"1": {"1": {"delay": 243.747, "loss": 0.005623571697202734, "tput": 49.553581082262006}, "all": {"delay": 243.747, "loss": 0.005623571697202734, "tput": 49.553581082262006}}}}