{"vegas": {"1": {"1": {"delay": 268.11, "loss": 0.002024176767308705, "tput": 0.9895876238187572}, "all": {"delay": 268.11, "loss": 0.002024176767308705, "tput": 0.9895876238187572}}}, "bbr": {"1": {"1": {"delay": 475.789, "loss": 0.0051896505912050195, "tput": 0.9607782490669071}, "all": {"delay": 475.789, "loss": 0.0051896505912050195, "tput": 0.9607782490669071}}}, "cubic": {"1": {"1": {"delay": 17372.901, "loss": 0.2694181629426893, "tput": 0.9938074923079472}, "all": {"delay": 17372.901, "loss": 0.2694181629426893, "tput": 0.9938074923079472}}}}