{"bbr": {"1": {"1": {"delay": 24.507, "loss": 0.0004735284089986136, "tput": 11.85238939636116}, "all": {"delay": 24.507, "loss": 0.0004735284089986136, "tput": 11.85238939636116}}}, "cubic": {"1": {"1": {"delay": 500.762, "loss": 0.018349980417806777, "tput": 11.883167832327821}, "all": {"delay": 500.762, "loss": 0.018349980417806777, "tput": 11.883167832327821}}}}